certificate_id,name,issued,status,pdf_link
RES-B1-0001-7K3D,Test Participant One,2026-08-01,issued,https://drive.google.com/file/d/DUMMY_FILE_ID_0001/view
RES-B1-0002-QM52,Test Participant Two,2026-08-01,issued,https://drive.google.com/file/d/DUMMY_FILE_ID_0002/view
RES-B1-0003-XB89,টেস্ট অংশগ্রহণকারী তিন,2026-08-01,issued,https://drive.google.com/file/d/DUMMY_FILE_ID_0003/view
RES-B1-0004-LP31,Test Participant With An Extremely Long Sample Name For Layout Checking,2026-08-01,issued,https://drive.google.com/file/d/DUMMY_FILE_ID_0004/view
RES-B1-0005-VT47,Test Participant Five,2026-08-01,issued,https://drive.google.com/file/d/DUMMY_FILE_ID_0005/view
RES-B1-0006-ZW68,Test Participant Six,2026-08-01,revoked,
RES-B2-0001-HN24,Sample Participant One,2026-08-01,issued,https://drive.google.com/file/d/DUMMY_FILE_ID_0007/view
RES-B2-0002-JD90,Sample Participant Two,2026-08-01,issued,https://drive.google.com/file/d/DUMMY_FILE_ID_0008/view
RES-B2-0003-RF15,Sample Duplicate Name,2026-08-01,issued,https://drive.google.com/file/d/DUMMY_FILE_ID_0009/view
RES-B2-0004-KG73,Sample Duplicate Name,2026-08-01,issued,https://drive.google.com/file/d/DUMMY_FILE_ID_0010/view
RES-B2-0005-YC58,Test O'Sullivan-Sample,2026-08-01,issued,https://drive.google.com/file/d/DUMMY_FILE_ID_0011/view
RES-B2-0006-WX02,<script>alert('xss')</script> Test User,2026-08-01,issued,https://drive.google.com/file/d/DUMMY_FILE_ID_0012/view
RES-B2-0007-TQ81,Sample Pending Participant,,pending,
RES-B2-0008-FUAZ,"Test, Comma-Name Sample",2026-08-01,issued,https://drive.google.com/file/d/DUMMY_FILE_ID_0014/view